lineId,shortName,description,year,month,averageSpeedKmh,totalDistanceMeters,totalTimeSeconds,samples,status
-1,TESTGT1,NA,2018,5,0.00,0.00,0.00,0,NO_DATA
8,TESTGT2,NA,2018,5,0.00,0.00,0.00,0,NO_DATA
131,T31,Terminal Paso del Comercio - Universidades,2018,5,17.87,3993573.00,804353.00,33682,OK
140,T40,Terminal Andrés Sanín - Centro,2018,5,17.88,2219643.00,446802.00,18715,OK
142,T42,Pizamos - Centro - Terminal,2018,5,17.05,2955101.00,623778.00,29173,OK
150,T50,Estación Nuevo Latír - Centro,2018,5,14.24,1137965.00,287747.00,11209,OK
217,P17,P.U.J - Icesi - Estación Unidad Deportiva,2018,5,18.21,845116.00,167036.00,6384,OK
243,TESTGT3,NA,2018,5,0.00,0.00,0.00,0,NO_DATA
251,P51,Pízamos - Universidades,2018,5,0.00,0.00,0.00,0,NO_DATA
271,P71,Caney - Estación Unidad Deportiva,2018,5,10.93,809153.00,266520.00,12885,OK
272,P72,Estación Capri- Centro Empresa,2018,5,13.86,2153647.00,559370.00,27875,OK
282,P82,Terminal Calipso - Terminal Menga,2018,5,10.12,995819.00,354123.00,14168,OK
283,P83,Terminal Calipso - Terminal Paso de Comercio,2018,5,15.19,401273.00,95111.00,4382,OK
302,A02,Atenas - Zoológico - Estación San Bosco,2018,5,14.25,665138.00,168024.00,10943,OK
303,A03,Nacional - Santa librada,2018,5,11.27,128362.00,41003.00,2060,OK
304,A04,Bella Vista - Estación Manzana del saber,2018,5,12.68,393032.00,111579.00,5733,OK
305,A05,Av. De Las Américas - C.A.M - La Portada,2018,5,14.37,541324.00,135594.00,6677,OK
306,A06,Aguacatal - Estación San Bosco,2018,5,13.27,825026.00,223747.00,15300,OK
311,A11,Icesi - P.U.J - Estación Universidades,2018,5,10.89,909043.00,300634.00,14050,OK
318,A18,Hacienda El Castillo - Estación Universidades,2018,5,23.23,546536.00,84709.00,3388,OK
321,A21,Ciudadela Floralia - Terminal Menga,2018,5,13.03,420581.00,116215.00,5277,OK
322,A22,Brisas de los Áamos- Terminal Menga,2018,5,7.78,349847.00,161903.00,3915,OK
323,A23,Ciudadela Los Álamos-Terminal Menga,2018,5,10.74,160530.00,53821.00,2626,OK
324,A24,San Miguel - El Bosque - Estación Vipasa,2018,5,12.22,19844.00,5844.00,352,OK
332,A32,Flora Industrial - Estación Chiminangos,2018,5,14.05,309020.00,79161.00,3844,OK
333,A33,Ciudadela Floralia,2018,5,16.08,752281.00,168394.00,9388,OK
334,A34,Alcázares - Terminal Paso del Comercio,2018,5,12.11,155477.00,46234.00,1777,OK
336,A36,Guayacanes - Estación Chiminangos,2018,5,13.77,249176.00,65126.00,4479,OK
347,A47,Pizamos - Terminal Andrés Sanín,2018,5,13.68,1147848.00,302042.00,19492,OK
352,A52,Hospital Isaias Duarte Cancino - Estación Nuevo La,2018,5,13.09,107989.00,29709.00,1548,OK
353,A53,Estación Amanecer - Los Lagos -Terminal Andrés San,2018,5,14.62,371243.00,91443.00,5186,OK
355,A55,Compartir - Manuela Beltrán-Estación Nuevo Latír,2018,5,11.22,231450.00,74251.00,4578,OK
357,A57,Villa Luz - Estación Nuevo Latír,2018,5,13.39,418272.00,112418.00,7498,OK
370,A70,Mortiñal - Estación Tequendama,2018,5,14.22,280033.00,70917.00,3361,OK
371,A71,Los Chorros - Terminal Cañaveralejo,2018,5,14.05,670406.00,171812.00,8709,OK
373,A73,Nápoles - Caldas - Terminal Cañaveralejo,2018,5,13.20,861987.00,235079.00,11529,OK
375,A75,La Sirena-Terminal Cañaveralejo,2018,5,13.96,363542.00,93729.00,6079,OK
376,A76,H.U.V - Terminal Cañaveralejo,2018,5,6.38,421796.00,238069.00,6948,OK
377,A77,Ciudad 2000 - Estación Refugio,2018,5,13.01,451856.00,125020.00,7184,OK
385,A85,Estación Santa Mónica - Terminal Andrés Sanín,2018,5,12.46,575974.00,166363.00,8293,OK
421,E21,Terminal Menga - Estación Universidades,2018,5,19.35,5107952.00,950402.00,37260,OK
427,E27,Terminal Menga - Estación Capri,2018,5,17.96,1940585.00,389033.00,15824,OK
431,E31,Terminal Paso del Comercio - Universidades,2018,5,22.58,2719781.00,433545.00,17060,OK
437,E37,Terminal Paso del Comercio - Universidades,2018,5,19.85,3014185.00,546521.00,22076,OK
441,E41,Terminal Andrés Sanín - Universidades,2018,5,19.90,2669795.00,483075.00,19520,OK
452,E52,Estación Nuevo Latír - Terminal Calipso - Terminal,2018,5,16.27,531491.00,117583.00,4569,OK
547,TESTGT4,NA,2018,5,0.00,0.00,0.00,0,NO_DATA
551,R51,SUR RESERVA,2018,5,0.00,0.00,0.00,0,NO_DATA
552,R52,MENGA RESERVA,2018,5,24.00,2240.00,336.00,15,OK
553,R53,RESERVA PASO DEL COMERCIO,2018,5,75.91,4913.00,233.00,8,OK
554,R54,SANIN RESERVA,2018,5,0.00,0.00,0.00,0,NO_DATA
555,R55,CALIPSO RESERVA,2018,5,34.30,4678.00,491.00,22,OK
557,R57,CAÑAVERALEJO RESERVA,2018,5,0.00,0.00,658.00,24,OK
651,D51,Alimentadora Desvio Av. Ciudad de Cali,2018,5,9.54,136624.00,51581.00,2765,OK
661,TESTGT5,NA,2018,5,0.00,0.00,0.00,0,NO_DATA
722,U22,Prueba u22,2018,5,14.34,1394.00,350.00,17,OK
999,TESTGT6,NA,2018,5,0.00,0.00,0.00,0,NO_DATA
1472,T47B,Terminal Andrés Sanín - Estación Unidad Deportiva,2018,5,16.79,2504228.00,537057.00,24488,OK
1571,T57A,Estación Nuevo Latír - Estación Unidad Deportiva,2018,5,14.92,2299101.00,554713.00,24160,OK
2101,P10A,Estación Universidades - Centro,2018,5,12.89,1740541.00,486263.00,23426,OK
2102,P10B,Estación Universidades-El Ingenio-Estación-Estació,2018,5,11.96,1256182.00,378252.00,19142,OK
2104,P10D,Estación Universidades - Centro,2018,5,12.45,1393733.00,402964.00,18242,OK
2121,P12A,Est. Universidades - Est Nuevo Latír - T. A Sanín,2018,5,14.36,3175037.00,795824.00,39431,OK
2141,P14A,Estación Universidades - Terminal Andrés Sanín,2018,5,12.42,633653.00,183680.00,9206,OK
2211,P21A,Universidades - Centro - Av Las Américas,2018,5,14.13,1899212.00,483738.00,23191,OK
2212,P21B,Terminal Menga - Estación Universidades,2018,5,15.36,2757924.00,646520.00,32455,OK
2241,P24A,Terminal Menga- Terminal Andrés Sanín,2018,5,16.14,980535.00,218759.00,10745,OK
2242,P24B,C.A.M.  - Terminal Andrés Sanín,2018,5,13.01,1680929.00,465216.00,23420,OK
2243,P24C,Terminal Menga-Terminal Andrés Sanín-Decepaz,2018,5,15.06,420116.00,100396.00,4894,OK
2273,P27C,Terminal Menga - Estación Universidades,2018,5,14.58,2671340.00,659530.00,35708,OK
2274,P27D,Terminal Menga - Estación Capri,2018,5,12.78,2189599.00,616826.00,28305,OK
2301,P30A,Estación Flora Industrial-Terminal Menga - Centro,2018,5,14.78,1992699.00,485519.00,25306,OK
2401,P40A,Terminal Andrés Sanín - Centro,2018,5,12.70,850325.00,241092.00,13292,OK
2402,P40B,Terminal Andrés Sanín -Sena-Centro,2018,5,14.13,1280290.00,326119.00,19849,OK
2471,P47A,Terminal Andrés Sanín - Estación Unidad Deportiva,2018,5,11.31,1691198.00,538481.00,30960,OK
2472,P47B,Terminal Andrés Sanín - Estación Unidad Deportiva,2018,5,13.32,1473469.00,398380.00,21430,OK
2473,P47C,Terminal Andrés Sanín - Estación Capri,2018,5,12.68,1604245.00,455420.00,24979,OK
2521,P52A,Amanecer -Terminal Calipso - Av. de las Américas,2018,5,12.37,779007.00,226716.00,10729,OK
2524,P52D,Ciudad Cordoba - Centro - Terminal,2018,5,12.20,2248512.00,663293.00,31436,OK
2801,P80A,Terminal Calipso - Santa Elena - Centro,2018,5,11.41,292061.00,92182.00,4162,OK
2841,P84A,Terminal Calipso - Terminal Andres Sanin,2018,5,13.25,1323637.00,359685.00,20929,OK
2842,P84B,Terminal Andrés Sanín - Terminal Calipso,2018,5,14.52,1190176.00,295154.00,15829,OK
3011,A01A,San Bosco - C.A.M - Centro,2018,5,12.08,279634.00,83302.00,3845,OK
3112,A11B,Universidad Libre - Universidades,2018,5,10.27,96122.00,33696.00,1225,OK
3121,A12A,Altos De La Luisa - Meléndez - Capri,2018,5,10.25,219405.00,77043.00,3594,OK
3122,A12B,Las Palmas - Estación Meléndez,2018,5,10.53,259755.00,88817.00,3905,OK
3123,A12C,Meléndez - Estación Capri,2018,5,13.13,290995.00,79768.00,3101,OK
3124,A12D,Altos De Santa Elena - Estación Meléndez,2018,5,11.09,158052.00,51292.00,2552,OK
3131,A13A,Caney - Estación Universidades,2018,5,14.84,656040.00,159125.00,8934,OK
3132,A13B,Vegas de Comfandi - Caney,2018,5,9.68,52434.00,19496.00,774,OK
3133,A13C,Lili - Estación Universidades,2018,5,7.78,37063.00,17152.00,611,OK
3141,A14A,U.S.B - Estación Universidades,2018,5,12.23,1283668.00,377705.00,16486,OK
3142,A14B,La Vorágine - Estación Universidades-,2018,5,0.00,0.00,0.00,0,NO_DATA
3171,A17A,U.A.O - U. San Martín - Estación Universidades,2018,5,16.83,1020452.00,218274.00,8778,OK
3172,A17B,Hormiguero - Estación Universidades,2018,5,15.59,375894.00,86800.00,4006,OK
3173,A17C,Comfenalco Lili - Estación  Universidades,2018,5,0.00,0.00,0.00,0,NO_DATA
3191,A19A,Comfandi Pance - Estación Universidades,2018,5,19.27,701018.00,130952.00,6736,OK
3192,A19B,La Buitrera - Estación Buitrera,2018,5,15.89,352618.00,79902.00,3808,OK
3351,A35A,Calimio Norte - Terminal Paso del Comercio,2018,5,18.64,366359.00,70775.00,3459,OK
3371,A37A,Sena - Estación Salomia,2018,5,12.48,298905.00,86240.00,4682,OK
3372,A37B,Sena - Estación Flora Industrial,2018,5,9.81,198023.00,72648.00,3957,OK
3411,A41A,Pizamos-Terminal Andrés Sanín,2018,5,14.13,1044576.00,266070.00,15554,OK
3413,A41C,Valle Grande - Terminal Andrés Sanín,2018,5,17.67,255213.00,51997.00,3188,OK
3422,A42B,La Casona - Terminal Andrés Sanín,2018,5,15.18,258269.00,61231.00,3188,OK
3441,A44A,Manuela Beltrán - Terminal Andrés Sanín,2018,5,13.50,809814.00,215948.00,12608,OK
3442,A44B,Puertas Del sol - Terminal Andrés Sanín,2018,5,14.00,621869.00,159913.00,9287,OK
3452,A45B,San Marino - Estación Villacolombia,2018,5,15.10,202806.00,48361.00,3723,OK
3721,A72A,Jardines De La Aurora - Terminal  Cañaveralejo,2018,5,5.33,172194.00,116403.00,3381,OK
3722,A72B,El Cortíjo - Terminal Cañaveralejo,2018,5,12.01,35974.00,10787.00,456,OK
3781,A78A,Los Chorros - Estación Caldas,2018,5,10.22,184644.00,65054.00,3618,OK
4272,E27B,Estación Av Las Américas - Estación Unidad Deporti,2018,5,18.74,637949.00,122521.00,5018,OK
-1,TESTGT1,NA,2018,6,0.00,0.00,0.00,0,NO_DATA
8,TESTGT2,NA,2018,6,0.00,0.00,0.00,0,NO_DATA
131,T31,Terminal Paso del Comercio - Universidades,2018,6,1.22,121240262.00,358532823.00,1091416,OK
140,T40,Terminal Andrés Sanín - Centro,2018,6,0.23,54997450.00,848634791.00,525296,OK
142,T42,Pizamos - Centro - Terminal,2018,6,0.18,72226134.00,1406977704.00,747558,OK
150,T50,Estación Nuevo Latír - Centro,2018,6,0.27,32459341.00,436603661.00,342206,OK
217,P17,P.U.J - Icesi - Estación Unidad Deportiva,2018,6,8.56,11111422.00,4672748.00,82247,OK
243,TESTGT3,NA,2018,6,0.00,0.00,0.00,0,NO_DATA
251,P51,Pízamos - Universidades,2018,6,1.29,9245760.00,25723126.00,128386,OK
271,P71,Caney - Estación Unidad Deportiva,2018,6,0.24,18911260.00,286011406.00,313941,OK
272,P72,Estación Capri- Centro Empresa,2018,6,0.20,54547062.00,982479230.00,693331,OK
282,P82,Terminal Calipso - Terminal Menga,2018,6,0.23,27647222.00,429213071.00,411866,OK
283,P83,Terminal Calipso - Terminal Paso de Comercio,2018,6,0.12,9883085.00,291450181.00,120870,OK
302,A02,Atenas - Zoológico - Estación San Bosco,2018,6,0.05,17174587.00,1140720565.00,263474,OK
303,A03,Nacional - Santa librada,2018,6,0.03,3868491.00,496229934.00,74074,OK
304,A04,Bella Vista - Estación Manzana del saber,2018,6,0.03,11442195.00,1242027319.00,173946,OK
305,A05,Av. De Las Américas - C.A.M - La Portada,2018,6,0.16,14487066.00,329129125.00,184371,OK
306,A06,Aguacatal - Estación San Bosco,2018,6,0.03,18804723.00,2641003049.00,302685,OK
311,A11,Icesi - P.U.J - Estación Universidades,2018,6,0.50,14754198.00,105756820.00,225226,OK
318,A18,Hacienda El Castillo - Estación Universidades,2018,6,0.36,22296269.00,225951163.00,146198,OK
321,A21,Ciudadela Floralia - Terminal Menga,2018,6,0.07,14043149.00,729882808.00,190259,OK
322,A22,Brisas de los Áamos- Terminal Menga,2018,6,0.04,7811472.00,729078104.00,92685,OK
323,A23,Ciudadela Los Álamos-Terminal Menga,2018,6,0.02,3500725.00,707922159.00,55535,OK
324,A24,San Miguel - El Bosque - Estación Vipasa,2018,6,0.04,3686170.00,313012117.00,68885,OK
332,A32,Flora Industrial - Estación Chiminangos,2018,6,0.04,7194682.00,667570103.00,105889,OK
333,A33,Ciudadela Floralia,2018,6,0.05,16804327.00,1121887511.00,204356,OK
334,A34,Alcázares - Terminal Paso del Comercio,2018,6,0.04,4111003.00,411025382.00,57965,OK
336,A36,Guayacanes - Estación Chiminangos,2018,6,0.02,5991310.00,1231648634.00,110307,OK
347,A47,Pizamos - Terminal Andrés Sanín,2018,6,0.05,35818431.00,2415496401.00,598824,OK
352,A52,Hospital Isaias Duarte Cancino - Estación Nuevo La,2018,6,0.01,1372594.00,373353354.00,28331,OK
353,A53,Estación Amanecer - Los Lagos -Terminal Andrés San,2018,6,0.02,10539089.00,1660169758.00,143230,OK
355,A55,Compartir - Manuela Beltrán-Estación Nuevo Latír,2018,6,0.01,6309040.00,1689734444.00,122095,OK
357,A57,Villa Luz - Estación Nuevo Latír,2018,6,0.01,9598481.00,3571620930.00,153027,OK
370,A70,Mortiñal - Estación Tequendama,2018,6,0.05,6600020.00,480770150.00,94738,OK
371,A71,Los Chorros - Terminal Cañaveralejo,2018,6,0.05,16722977.00,1193061964.00,217997,OK
373,A73,Nápoles - Caldas - Terminal Cañaveralejo,2018,6,0.05,19878213.00,1355111925.00,256870,OK
375,A75,La Sirena-Terminal Cañaveralejo,2018,6,0.03,13302980.00,1538566456.00,207557,OK
376,A76,H.U.V - Terminal Cañaveralejo,2018,6,0.13,12270499.00,330361240.00,174519,OK
377,A77,Ciudad 2000 - Estación Refugio,2018,6,0.04,7158503.00,645115341.00,125857,OK
385,A85,Estación Santa Mónica - Terminal Andrés Sanín,2018,6,0.03,16695713.00,1746687643.00,231783,OK
421,E21,Terminal Menga - Estación Universidades,2018,6,1.23,141591876.00,414947487.00,1019380,OK
427,E27,Terminal Menga - Estación Capri,2018,6,0.66,55196149.00,302520723.00,452633,OK
431,E31,Terminal Paso del Comercio - Universidades,2018,6,1.58,57480471.00,130942547.00,349685,OK
437,E37,Terminal Paso del Comercio - Universidades,2018,6,0.81,59631280.00,264611421.00,448248,OK
441,E41,Terminal Andrés Sanín - Universidades,2018,6,1.08,80614449.00,268019838.00,582203,OK
452,E52,Estación Nuevo Latír - Terminal Calipso - Terminal,2018,6,0.62,14682402.00,85451290.00,121932,OK
547,TESTGT4,NA,2018,6,0.00,0.00,0.00,0,NO_DATA
551,R51,SUR RESERVA,2018,6,7.09,319428.00,162151.00,5765,OK
552,R52,MENGA RESERVA,2018,6,6.26,321320.00,184876.00,4963,OK
553,R53,RESERVA PASO DEL COMERCIO,2018,6,0.55,156094.00,1017021.00,2966,OK
554,R54,SANIN RESERVA,2018,6,5.07,136971.00,97184.00,2713,OK
555,R55,CALIPSO RESERVA,2018,6,8.64,111949.00,46624.00,1374,OK
557,R57,CAÑAVERALEJO RESERVA,2018,6,11.66,161717.00,49937.00,1619,OK
651,D51,Alimentadora Desvio Av. Ciudad de Cali,2018,6,0.02,3552515.00,521806682.00,63045,OK
661,TESTGT5,NA,2018,6,0.00,0.00,0.00,0,NO_DATA
722,U22,Prueba u22,2018,6,3.26,33310.00,36782.00,1267,OK
999,TESTGT6,NA,2018,6,0.00,0.00,0.00,0,NO_DATA
1472,T47B,Terminal Andrés Sanín - Estación Unidad Deportiva,2018,6,0.48,73154811.00,544892295.00,707835,OK
1571,T57A,Estación Nuevo Latír - Estación Unidad Deportiva,2018,6,0.54,75429113.00,504360070.00,796248,OK
2101,P10A,Estación Universidades - Centro,2018,6,0.54,44955947.00,298097926.00,592591,OK
2102,P10B,Estación Universidades-El Ingenio-Estación-Estació,2018,6,0.45,30997762.00,249670548.00,463952,OK
2104,P10D,Estación Universidades - Centro,2018,6,0.86,35526406.00,148442564.00,469119,OK
2121,P12A,Est. Universidades - Est Nuevo Latír - T. A Sanín,2018,6,0.27,88095746.00,1183495378.00,1159407,OK
2141,P14A,Estación Universidades - Terminal Andrés Sanín,2018,6,0.34,14922521.00,158214392.00,209074,OK
2211,P21A,Universidades - Centro - Av Las Américas,2018,6,0.39,50018594.00,456699879.00,609816,OK
2212,P21B,Terminal Menga - Estación Universidades,2018,6,0.32,82693205.00,934388187.00,956271,OK
2241,P24A,Terminal Menga- Terminal Andrés Sanín,2018,6,0.25,26295716.00,376620484.00,297638,OK
2242,P24B,C.A.M.  - Terminal Andrés Sanín,2018,6,0.29,43096428.00,532648078.00,619865,OK
2243,P24C,Terminal Menga-Terminal Andrés Sanín-Decepaz,2018,6,0.25,8367026.00,118292116.00,111004,OK
2273,P27C,Terminal Menga - Estación Universidades,2018,6,0.19,79872695.00,1508436597.00,1015620,OK
2274,P27D,Terminal Menga - Estación Capri,2018,6,0.29,61978363.00,781267784.00,796128,OK
2301,P30A,Estación Flora Industrial-Terminal Menga - Centro,2018,6,0.22,50162572.00,812484067.00,735307,OK
2401,P40A,Terminal Andrés Sanín - Centro,2018,6,0.23,22953500.00,365156348.00,351261,OK
2402,P40B,Terminal Andrés Sanín -Sena-Centro,2018,6,0.14,35165022.00,881462602.00,552993,OK
2471,P47A,Terminal Andrés Sanín - Estación Unidad Deportiva,2018,6,0.14,41618346.00,1040750098.00,773463,OK
2472,P47B,Terminal Andrés Sanín - Estación Unidad Deportiva,2018,6,0.21,37165093.00,639645226.00,563519,OK
2473,P47C,Terminal Andrés Sanín - Estación Capri,2018,6,0.14,49654781.00,1263817343.00,805586,OK
2521,P52A,Amanecer -Terminal Calipso - Av. de las Américas,2018,6,0.10,28392359.00,1073397970.00,401351,OK
2524,P52D,Ciudad Cordoba - Centro - Terminal,2018,6,0.34,59006604.00,631803976.00,827363,OK
2801,P80A,Terminal Calipso - Santa Elena - Centro,2018,6,0.09,10024641.00,386385125.00,142221,OK
2841,P84A,Terminal Calipso - Terminal Andres Sanin,2018,6,0.08,34732060.00,1523444349.00,555053,OK
2842,P84B,Terminal Andrés Sanín - Terminal Calipso,2018,6,0.35,28026335.00,285742907.00,367330,OK
3011,A01A,San Bosco - C.A.M - Centro,2018,6,0.46,8430329.00,65816515.00,111349,OK
3112,A11B,Universidad Libre - Universidades,2018,6,0.01,1144853.00,494067966.00,18263,OK
3121,A12A,Altos De La Luisa - Meléndez - Capri,2018,6,0.02,4318890.00,807931344.00,72523,OK
3122,A12B,Las Palmas - Estación Meléndez,2018,6,0.03,5871159.00,666326340.00,93999,OK
3123,A12C,Meléndez - Estación Capri,2018,6,0.81,7517437.00,33568026.00,90473,OK
3124,A12D,Altos De Santa Elena - Estación Meléndez,2018,6,0.02,4468749.00,853577438.00,66516,OK
3131,A13A,Caney - Estación Universidades,2018,6,0.09,17262587.00,709614738.00,231464,OK
3132,A13B,Vegas de Comfandi - Caney,2018,6,0.03,2936347.00,382280086.00,42286,OK
3133,A13C,Lili - Estación Universidades,2018,6,0.01,5369787.00,1376200332.00,62905,OK
3141,A14A,U.S.B - Estación Universidades,2018,6,1.19,20958577.00,63516801.00,220686,OK
3142,A14B,La Vorágine - Estación Universidades-,2018,6,0.47,5464797.00,41501825.00,54353,OK
3171,A17A,U.A.O - U. San Martín - Estación Universidades,2018,6,0.41,16109476.00,142367513.00,130871,OK
3172,A17B,Hormiguero - Estación Universidades,2018,6,0.18,14389519.00,295132116.00,130333,OK
3173,A17C,Comfenalco Lili - Estación  Universidades,2018,6,0.20,4972263.00,88733412.00,41526,OK
3191,A19A,Comfandi Pance - Estación Universidades,2018,6,0.19,17109783.00,330924639.00,167082,OK
3192,A19B,La Buitrera - Estación Buitrera,2018,6,0.05,8049162.00,539073955.00,83840,OK
3351,A35A,Calimio Norte - Terminal Paso del Comercio,2018,6,0.10,7622145.00,271233611.00,74756,OK
3371,A37A,Sena - Estación Salomia,2018,6,0.03,10217165.00,1113334651.00,153934,OK
3372,A37B,Sena - Estación Flora Industrial,2018,6,0.02,7880657.00,1291770519.00,150197,OK
3411,A41A,Pizamos-Terminal Andrés Sanín,2018,6,0.08,28600898.00,1344491959.00,428455,OK
3413,A41C,Valle Grande - Terminal Andrés Sanín,2018,6,0.05,3299474.00,246978304.00,51085,OK
3422,A42B,La Casona - Terminal Andrés Sanín,2018,6,0.20,3476509.00,61061867.00,45342,OK
3441,A44A,Manuela Beltrán - Terminal Andrés Sanín,2018,6,0.06,16084094.00,1012440813.00,270212,OK
3442,A44B,Puertas Del sol - Terminal Andrés Sanín,2018,6,0.07,15514070.00,814623154.00,214307,OK
3452,A45B,San Marino - Estación Villacolombia,2018,6,0.03,6385658.00,876858995.00,99412,OK
3721,A72A,Jardines De La Aurora - Terminal  Cañaveralejo,2018,6,0.04,7222323.00,692086863.00,120321,OK
3722,A72B,El Cortíjo - Terminal Cañaveralejo,2018,6,0.05,1381658.00,105568116.00,20144,OK
3781,A78A,Los Chorros - Estación Caldas,2018,6,0.01,2141366.00,1024171877.00,36036,OK
4272,E27B,Estación Av Las Américas - Estación Unidad Deporti,2018,6,1.53,10840806.00,25442050.00,89611,OK
-1,TESTGT1,NA,2018,7,0.00,0.00,0.00,0,NO_DATA
8,TESTGT2,NA,2018,7,0.00,0.00,0.00,0,NO_DATA
131,T31,Terminal Paso del Comercio - Universidades,2018,7,0.40,119007738.00,1083424536.00,1134177,OK
140,T40,Terminal Andrés Sanín - Centro,2018,7,0.07,55895870.00,3061530522.00,551241,OK
142,T42,Pizamos - Centro - Terminal,2018,7,0.06,74355373.00,4404616628.00,787037,OK
150,T50,Estación Nuevo Latír - Centro,2018,7,0.06,35606487.00,2153911475.00,385710,OK
217,P17,P.U.J - Icesi - Estación Unidad Deportiva,2018,7,0.74,12591538.00,61609554.00,99580,OK
243,TESTGT3,NA,2018,7,0.00,0.00,0.00,0,NO_DATA
251,P51,Pízamos - Universidades,2018,7,0.06,10899067.00,632683356.00,157387,OK
271,P71,Caney - Estación Unidad Deportiva,2018,7,0.05,17366835.00,1215774957.00,310275,OK
272,P72,Estación Capri- Centro Empresa,2018,7,0.10,58032855.00,2160431083.00,759102,OK
282,P82,Terminal Calipso - Terminal Menga,2018,7,0.05,28541391.00,2146654787.00,439543,OK
283,P83,Terminal Calipso - Terminal Paso de Comercio,2018,7,0.07,9377350.00,499806333.00,118503,OK
302,A02,Atenas - Zoológico - Estación San Bosco,2018,7,0.02,20330929.00,4271829417.00,333194,OK
303,A03,Nacional - Santa librada,2018,7,0.01,3297926.00,1258837648.00,69620,OK
304,A04,Bella Vista - Estación Manzana del saber,2018,7,0.01,12184204.00,5496527800.00,188312,OK
305,A05,Av. De Las Américas - C.A.M - La Portada,2018,7,0.02,13354931.00,1995202113.00,174372,OK
306,A06,Aguacatal - Estación San Bosco,2018,7,0.02,19277560.00,4286711091.00,321597,OK
311,A11,Icesi - P.U.J - Estación Universidades,2018,7,0.08,16338408.00,773060096.00,257253,OK
318,A18,Hacienda El Castillo - Estación Universidades,2018,7,0.09,23492865.00,981633035.00,157296,OK
321,A21,Ciudadela Floralia - Terminal Menga,2018,7,0.02,14592356.00,2850054290.00,210071,OK
322,A22,Brisas de los Áamos- Terminal Menga,2018,7,0.01,9178744.00,4252384699.00,110690,OK
323,A23,Ciudadela Los Álamos-Terminal Menga,2018,7,0.01,4413963.00,2934624643.00,69519,OK
324,A24,San Miguel - El Bosque - Estación Vipasa,2018,7,0.01,4286568.00,1090322587.00,81169,OK
332,A32,Flora Industrial - Estación Chiminangos,2018,7,0.01,8180206.00,3750641519.00,128162,OK
333,A33,Ciudadela Floralia,2018,7,0.01,18424519.00,5806703864.00,231061,OK
334,A34,Alcázares - Terminal Paso del Comercio,2018,7,0.01,5419870.00,1407391709.00,72582,OK
336,A36,Guayacanes - Estación Chiminangos,2018,7,0.01,7232117.00,3634360943.00,121595,OK
347,A47,Pizamos - Terminal Andrés Sanín,2018,7,0.02,37066745.00,8088183420.00,659205,OK
352,A52,Hospital Isaias Duarte Cancino - Estación Nuevo La,2018,7,0.00,1312309.00,1406240687.00,27960,OK
353,A53,Estación Amanecer - Los Lagos -Terminal Andrés San,2018,7,0.01,10123896.00,4075443777.00,147580,OK
355,A55,Compartir - Manuela Beltrán-Estación Nuevo Latír,2018,7,0.00,6143957.00,4858774409.00,133661,OK
357,A57,Villa Luz - Estación Nuevo Latír,2018,7,0.01,11025768.00,6694142992.00,199393,OK
370,A70,Mortiñal - Estación Tequendama,2018,7,0.02,7249373.00,1086882153.00,100834,OK
371,A71,Los Chorros - Terminal Cañaveralejo,2018,7,0.02,19281026.00,3850420510.00,266111,OK
373,A73,Nápoles - Caldas - Terminal Cañaveralejo,2018,7,0.02,22344918.00,4192121033.00,329240,OK
375,A75,La Sirena-Terminal Cañaveralejo,2018,7,0.01,15155544.00,6748035982.00,246591,OK
376,A76,H.U.V - Terminal Cañaveralejo,2018,7,0.02,11367946.00,1667654040.00,176986,OK
377,A77,Ciudad 2000 - Estación Refugio,2018,7,0.01,8691984.00,4105752113.00,158877,OK
385,A85,Estación Santa Mónica - Terminal Andrés Sanín,2018,7,0.01,19123729.00,6741920638.00,301817,OK
421,E21,Terminal Menga - Estación Universidades,2018,7,0.36,137159072.00,1390887499.00,1035227,OK
427,E27,Terminal Menga - Estación Capri,2018,7,0.20,51397735.00,948745174.00,445388,OK
431,E31,Terminal Paso del Comercio - Universidades,2018,7,0.43,53148698.00,446321522.00,340417,OK
437,E37,Terminal Paso del Comercio - Universidades,2018,7,0.35,56076536.00,576262740.00,432302,OK
441,E41,Terminal Andrés Sanín - Universidades,2018,7,0.33,78750108.00,870829249.00,604889,OK
452,E52,Estación Nuevo Latír - Terminal Calipso - Terminal,2018,7,0.31,12440731.00,146540702.00,107033,OK
547,TESTGT4,NA,2018,7,0.00,0.00,0.00,0,NO_DATA
551,R51,SUR RESERVA,2018,7,6.74,370205.00,197664.00,6858,OK
552,R52,MENGA RESERVA,2018,7,0.14,365746.00,9749735.00,5337,OK
553,R53,RESERVA PASO DEL COMERCIO,2018,7,0.21,171682.00,2911684.00,2623,OK
554,R54,SANIN RESERVA,2018,7,3.23,134006.00,149153.00,4168,OK
555,R55,CALIPSO RESERVA,2018,7,0.06,71932.00,4169651.00,842,OK
557,R57,CAÑAVERALEJO RESERVA,2018,7,1.02,191702.00,677585.00,2135,OK
651,D51,Alimentadora Desvio Av. Ciudad de Cali,2018,7,0.01,4033854.00,2094513046.00,87930,OK
661,TESTGT5,NA,2018,7,0.00,0.00,0.00,0,NO_DATA
722,U22,Prueba u22,2018,7,2.80,29019.00,37285.00,1258,OK
999,TESTGT6,NA,2018,7,0.00,0.00,0.00,0,NO_DATA
1472,T47B,Terminal Andrés Sanín - Estación Unidad Deportiva,2018,7,0.15,79613514.00,1945328819.00,813339,OK
1571,T57A,Estación Nuevo Latír - Estación Unidad Deportiva,2018,7,0.12,74319665.00,2274676140.00,812610,OK
2101,P10A,Estación Universidades - Centro,2018,7,0.08,45685615.00,2019863398.00,622364,OK
2102,P10B,Estación Universidades-El Ingenio-Estación-Estació,2018,7,0.26,32029460.00,435429059.00,479078,OK
2104,P10D,Estación Universidades - Centro,2018,7,0.15,34916990.00,811378052.00,477453,OK
2121,P12A,Est. Universidades - Est Nuevo Latír - T. A Sanín,2018,7,0.12,88731490.00,2770530916.00,1278837,OK
2141,P14A,Estación Universidades - Terminal Andrés Sanín,2018,7,0.07,14416341.00,763969454.00,219212,OK
2211,P21A,Universidades - Centro - Av Las Américas,2018,7,0.11,50278157.00,1600261324.00,639220,OK
2212,P21B,Terminal Menga - Estación Universidades,2018,7,0.12,80464674.00,2451094739.00,993527,OK
2241,P24A,Terminal Menga- Terminal Andrés Sanín,2018,7,0.09,27677032.00,1104134232.00,329442,OK
2242,P24B,C.A.M.  - Terminal Andrés Sanín,2018,7,0.09,42621380.00,1692989742.00,644702,OK
2243,P24C,Terminal Menga-Terminal Andrés Sanín-Decepaz,2018,7,0.05,10375033.00,682352704.00,145248,OK
2273,P27C,Terminal Menga - Estación Universidades,2018,7,0.09,80741688.00,3109297811.00,1070321,OK
2274,P27D,Terminal Menga - Estación Capri,2018,7,0.09,61451814.00,2584894887.00,815221,OK
2301,P30A,Estación Flora Industrial-Terminal Menga - Centro,2018,7,0.05,48613666.00,3388674892.00,742040,OK
2401,P40A,Terminal Andrés Sanín - Centro,2018,7,0.04,23930684.00,2154832463.00,379990,OK
2402,P40B,Terminal Andrés Sanín -Sena-Centro,2018,7,0.04,36682523.00,3509099258.00,591063,OK
2471,P47A,Terminal Andrés Sanín - Estación Unidad Deportiva,2018,7,0.03,42952378.00,4822736874.00,822275,OK
2472,P47B,Terminal Andrés Sanín - Estación Unidad Deportiva,2018,7,0.06,37016665.00,2126056887.00,597994,OK
2473,P47C,Terminal Andrés Sanín - Estación Capri,2018,7,0.06,47923637.00,2859414270.00,821288,OK
2521,P52A,Amanecer -Terminal Calipso - Av. de las Américas,2018,7,0.12,28820836.00,877091687.00,419833,OK
2524,P52D,Ciudad Cordoba - Centro - Terminal,2018,7,0.09,52648974.00,2004164740.00,776341,OK
2801,P80A,Terminal Calipso - Santa Elena - Centro,2018,7,0.02,9118005.00,1655794708.00,144763,OK
2841,P84A,Terminal Calipso - Terminal Andres Sanin,2018,7,0.02,36578332.00,5773016772.00,617314,OK
2842,P84B,Terminal Andrés Sanín - Terminal Calipso,2018,7,0.11,28333360.00,896796615.00,377888,OK
3011,A01A,San Bosco - C.A.M - Centro,2018,7,0.07,8203793.00,426056577.00,110186,OK
3112,A11B,Universidad Libre - Universidades,2018,7,0.01,1412538.00,690279800.00,23799,OK
3121,A12A,Altos De La Luisa - Meléndez - Capri,2018,7,0.01,6884947.00,2932193767.00,120138,OK
3122,A12B,Las Palmas - Estación Meléndez,2018,7,0.01,7784385.00,2631094399.00,140912,OK
3123,A12C,Meléndez - Estación Capri,2018,7,0.09,7525706.00,295335782.00,92672,OK
3124,A12D,Altos De Santa Elena - Estación Meléndez,2018,7,0.01,5596223.00,2840099115.00,90663,OK
3131,A13A,Caney - Estación Universidades,2018,7,0.04,16682741.00,1525980906.00,228776,OK
3132,A13B,Vegas de Comfandi - Caney,2018,7,0.02,4507157.00,865081796.00,74229,OK
3133,A13C,Lili - Estación Universidades,2018,7,0.01,8393499.00,2464124404.00,110157,OK
3141,A14A,U.S.B - Estación Universidades,2018,7,0.16,24437019.00,549630605.00,278426,OK
3142,A14B,La Vorágine - Estación Universidades-,2018,7,0.09,6959835.00,277801087.00,71822,OK
3171,A17A,U.A.O - U. San Martín - Estación Universidades,2018,7,0.09,17711058.00,702600348.00,151452,OK
3172,A17B,Hormiguero - Estación Universidades,2018,7,0.05,18818906.00,1471812082.00,180705,OK
3173,A17C,Comfenalco Lili - Estación  Universidades,2018,7,0.12,5782816.00,174541388.00,55052,OK
3191,A19A,Comfandi Pance - Estación Universidades,2018,7,0.05,17583922.00,1351751186.00,184473,OK
3192,A19B,La Buitrera - Estación Buitrera,2018,7,0.03,11448285.00,1381060417.00,137628,OK
3351,A35A,Calimio Norte - Terminal Paso del Comercio,2018,7,0.02,8996308.00,1378220479.00,93942,OK
3371,A37A,Sena - Estación Salomia,2018,7,0.01,11274485.00,4039234516.00,190412,OK
3372,A37B,Sena - Estación Flora Industrial,2018,7,0.01,7863759.00,2186492748.00,153797,OK
3411,A41A,Pizamos-Terminal Andrés Sanín,2018,7,0.03,31613298.00,4268784362.00,502354,OK
3413,A41C,Valle Grande - Terminal Andrés Sanín,2018,7,0.02,3688064.00,865996981.00,57014,OK
3422,A42B,La Casona - Terminal Andrés Sanín,2018,7,0.20,4303128.00,77163034.00,60417,OK
3441,A44A,Manuela Beltrán - Terminal Andrés Sanín,2018,7,0.01,16643014.00,4227714639.00,287554,OK
3442,A44B,Puertas Del sol - Terminal Andrés Sanín,2018,7,0.02,18357158.00,3134897233.00,274047,OK
3452,A45B,San Marino - Estación Villacolombia,2018,7,0.01,6909945.00,3300163681.00,123136,OK
3721,A72A,Jardines De La Aurora - Terminal  Cañaveralejo,2018,7,0.01,9979997.00,4113147241.00,192409,OK
3722,A72B,El Cortíjo - Terminal Cañaveralejo,2018,7,0.01,1302636.00,378730175.00,22067,OK
3781,A78A,Los Chorros - Estación Caldas,2018,7,0.01,3132676.00,2176492381.00,65068,OK
4272,E27B,Estación Av Las Américas - Estación Unidad Deporti,2018,7,0.41,10575826.00,92453510.00,89138,OK
-1,TESTGT1,NA,2018,8,0.00,0.00,0.00,0,NO_DATA
8,TESTGT2,NA,2018,8,0.00,0.00,0.00,0,NO_DATA
131,T31,Terminal Paso del Comercio - Universidades,2018,8,0.19,118829974.00,2266567293.00,1159226,OK
140,T40,Terminal Andrés Sanín - Centro,2018,8,0.03,56310118.00,6014958332.00,552951,OK
142,T42,Pizamos - Centro - Terminal,2018,8,0.03,75705438.00,9413535523.00,808694,OK
150,T50,Estación Nuevo Latír - Centro,2018,8,0.03,36219704.00,4588414006.00,384084,OK
217,P17,P.U.J - Icesi - Estación Unidad Deportiva,2018,8,0.38,16958177.00,159641661.00,137820,OK
243,TESTGT3,NA,2018,8,0.00,0.00,0.00,0,NO_DATA
251,P51,Pízamos - Universidades,2018,8,0.13,7963594.00,216414875.00,118711,OK
271,P71,Caney - Estación Unidad Deportiva,2018,8,0.03,18076841.00,2085293829.00,327140,OK
272,P72,Estación Capri- Centro Empresa,2018,8,0.03,57149446.00,7431532930.00,762633,OK
282,P82,Terminal Calipso - Terminal Menga,2018,8,0.02,27431943.00,4370199069.00,435842,OK
283,P83,Terminal Calipso - Terminal Paso de Comercio,2018,8,0.06,9906667.00,628261743.00,127282,OK
302,A02,Atenas - Zoológico - Estación San Bosco,2018,8,0.01,18556149.00,9104816826.00,324086,OK
303,A03,Nacional - Santa librada,2018,8,0.01,3300845.00,2297062524.00,72889,OK
304,A04,Bella Vista - Estación Manzana del saber,2018,8,0.00,11376430.00,8352626451.00,184107,OK
305,A05,Av. De Las Américas - C.A.M - La Portada,2018,8,0.02,14340731.00,3135482898.00,197714,OK
306,A06,Aguacatal - Estación San Bosco,2018,8,0.01,20038988.00,8629417377.00,347764,OK
311,A11,Icesi - P.U.J - Estación Universidades,2018,8,0.03,20673055.00,2266581631.00,344638,OK
318,A18,Hacienda El Castillo - Estación Universidades,2018,8,0.05,24225695.00,1804234150.00,171673,OK
321,A21,Ciudadela Floralia - Terminal Menga,2018,8,0.01,15164113.00,8353145528.00,222128,OK
322,A22,Brisas de los Áamos- Terminal Menga,2018,8,0.01,9596542.00,5794020671.00,118796,OK
323,A23,Ciudadela Los Álamos-Terminal Menga,2018,8,0.00,3427153.00,3366075178.00,61761,OK
324,A24,San Miguel - El Bosque - Estación Vipasa,2018,8,0.00,3460556.00,3121456257.00,70947,OK
332,A32,Flora Industrial - Estación Chiminangos,2018,8,0.00,7219962.00,6154907297.00,124355,OK
333,A33,Ciudadela Floralia,2018,8,0.01,19539446.00,5608653086.00,258410,OK
334,A34,Alcázares - Terminal Paso del Comercio,2018,8,0.01,5166423.00,3223194586.00,71856,OK
336,A36,Guayacanes - Estación Chiminangos,2018,8,0.00,6538297.00,5959909918.00,123771,OK
347,A47,Pizamos - Terminal Andrés Sanín,2018,8,0.01,36082463.00,12875728892.00,646827,OK
352,A52,Hospital Isaias Duarte Cancino - Estación Nuevo La,2018,8,0.00,1380621.00,2022316327.00,31170,OK
353,A53,Estación Amanecer - Los Lagos -Terminal Andrés San,2018,8,0.00,8713350.00,9442092493.00,124830,OK
355,A55,Compartir - Manuela Beltrán-Estación Nuevo Latír,2018,8,0.00,5323130.00,7504798121.00,120072,OK
357,A57,Villa Luz - Estación Nuevo Latír,2018,8,0.00,10098059.00,18220270567.00,190392,OK
370,A70,Mortiñal - Estación Tequendama,2018,8,0.01,8044899.00,2312141789.00,105443,OK
371,A71,Los Chorros - Terminal Cañaveralejo,2018,8,0.01,18596076.00,7759618088.00,254842,OK
373,A73,Nápoles - Caldas - Terminal Cañaveralejo,2018,8,0.01,20415751.00,12357454975.00,312377,OK
375,A75,La Sirena-Terminal Cañaveralejo,2018,8,0.01,14184886.00,9765111653.00,244057,OK
376,A76,H.U.V - Terminal Cañaveralejo,2018,8,0.01,11775477.00,4115192176.00,190168,OK
377,A77,Ciudad 2000 - Estación Refugio,2018,8,0.00,8243475.00,6614657195.00,151455,OK
385,A85,Estación Santa Mónica - Terminal Andrés Sanín,2018,8,0.00,17181267.00,14030639686.00,290310,OK
421,E21,Terminal Menga - Estación Universidades,2018,8,0.16,136877014.00,3056370194.00,1056100,OK
427,E27,Terminal Menga - Estación Capri,2018,8,0.10,53293996.00,1976969791.00,468840,OK
431,E31,Terminal Paso del Comercio - Universidades,2018,8,0.24,53638062.00,800016889.00,350554,OK
437,E37,Terminal Paso del Comercio - Universidades,2018,8,0.12,60948477.00,1902494590.00,471456,OK
441,E41,Terminal Andrés Sanín - Universidades,2018,8,0.14,77555715.00,1990882179.00,592689,OK
452,E52,Estación Nuevo Latír - Terminal Calipso - Terminal,2018,8,0.07,13162160.00,633022680.00,110603,OK
547,TESTGT4,NA,2018,8,11.92,1725443.00,521272.00,16115,OK
551,R51,SUR RESERVA,2018,8,0.78,448943.00,2062666.00,4924,OK
552,R52,MENGA RESERVA,2018,8,0.16,284421.00,6516627.00,3606,OK
553,R53,RESERVA PASO DEL COMERCIO,2018,8,0.12,296770.00,8626891.00,2805,OK
554,R54,SANIN RESERVA,2018,8,0.90,199231.00,795914.00,3387,OK
555,R55,CALIPSO RESERVA,2018,8,0.01,43840.00,17126813.00,633,OK
557,R57,CAÑAVERALEJO RESERVA,2018,8,1.59,182712.00,414653.00,1740,OK
651,D51,Alimentadora Desvio Av. Ciudad de Cali,2018,8,0.00,3712418.00,3881862047.00,81877,OK
661,TESTGT5,NA,2018,8,0.00,0.00,0.00,0,NO_DATA
722,U22,Prueba u22,2018,8,0.88,11101.00,45382.00,1555,OK
999,TESTGT6,NA,2018,8,0.00,0.00,0.00,0,NO_DATA
1472,T47B,Terminal Andrés Sanín - Estación Unidad Deportiva,2018,8,0.06,79717564.00,4915955497.00,827949,OK
1571,T57A,Estación Nuevo Latír - Estación Unidad Deportiva,2018,8,0.04,68137072.00,6467126615.00,771280,OK
2101,P10A,Estación Universidades - Centro,2018,8,0.04,45895338.00,3860529851.00,646574,OK
2102,P10B,Estación Universidades-El Ingenio-Estación-Estació,2018,8,0.13,32043846.00,880261773.00,490921,OK
2104,P10D,Estación Universidades - Centro,2018,8,0.09,33634186.00,1327184788.00,468663,OK
2121,P12A,Est. Universidades - Est Nuevo Latír - T. A Sanín,2018,8,0.04,89890418.00,8724434062.00,1301600,OK
2141,P14A,Estación Universidades - Terminal Andrés Sanín,2018,8,0.03,15007658.00,1928639636.00,227442,OK
2211,P21A,Universidades - Centro - Av Las Américas,2018,8,0.06,51581979.00,3024504660.00,668678,OK
2212,P21B,Terminal Menga - Estación Universidades,2018,8,0.06,82442251.00,5282134478.00,1038623,OK
2241,P24A,Terminal Menga- Terminal Andrés Sanín,2018,8,0.04,27780007.00,2459618572.00,325698,OK
2242,P24B,C.A.M.  - Terminal Andrés Sanín,2018,8,0.03,42608476.00,5703688578.00,649429,OK
2243,P24C,Terminal Menga-Terminal Andrés Sanín-Decepaz,2018,8,0.03,10962706.00,1267365260.00,156028,OK
2273,P27C,Terminal Menga - Estación Universidades,2018,8,0.19,81591657.00,1575537897.00,1127656,OK
2274,P27D,Terminal Menga - Estación Capri,2018,8,0.07,60827018.00,3115504753.00,821410,OK
2301,P30A,Estación Flora Industrial-Terminal Menga - Centro,2018,8,0.02,50375962.00,7424738309.00,779539,OK
2401,P40A,Terminal Andrés Sanín - Centro,2018,8,0.02,23785388.00,5398747446.00,391639,OK
2402,P40B,Terminal Andrés Sanín -Sena-Centro,2018,8,0.02,37177413.00,8157336712.00,588763,OK
2471,P47A,Terminal Andrés Sanín - Estación Unidad Deportiva,2018,8,0.02,41607256.00,8078511504.00,805894,OK
2472,P47B,Terminal Andrés Sanín - Estación Unidad Deportiva,2018,8,0.04,34373838.00,3193237074.00,558697,OK
2473,P47C,Terminal Andrés Sanín - Estación Capri,2018,8,0.02,47020654.00,8158638510.00,812425,OK
2521,P52A,Amanecer -Terminal Calipso - Av. de las Américas,2018,8,0.03,30912699.00,3563849379.00,459694,OK
2524,P52D,Ciudad Cordoba - Centro - Terminal,2018,8,0.04,52515632.00,4984554707.00,782105,OK
2801,P80A,Terminal Calipso - Santa Elena - Centro,2018,8,0.01,9307857.00,2693215953.00,148419,OK
2841,P84A,Terminal Calipso - Terminal Andres Sanin,2018,8,0.01,37017841.00,15313366097.00,623504,OK
2842,P84B,Terminal Andrés Sanín - Terminal Calipso,2018,8,0.05,29297957.00,2249803145.00,398272,OK
3011,A01A,San Bosco - C.A.M - Centro,2018,8,0.05,8221106.00,588986422.00,113281,OK
3112,A11B,Universidad Libre - Universidades,2018,8,0.00,1045918.00,1985496573.00,20589,OK
3121,A12A,Altos De La Luisa - Meléndez - Capri,2018,8,0.00,7019292.00,6526325281.00,130904,OK
3122,A12B,Las Palmas - Estación Meléndez,2018,8,0.00,9003252.00,9436882378.00,171484,OK
3123,A12C,Meléndez - Estación Capri,2018,8,0.03,8204040.00,1087222761.00,103679,OK
3124,A12D,Altos De Santa Elena - Estación Meléndez,2018,8,0.00,5037402.00,7761282549.00,86911,OK
3131,A13A,Caney - Estación Universidades,2018,8,0.01,16165068.00,4005954939.00,235638,OK
3132,A13B,Vegas de Comfandi - Caney,2018,8,0.00,4010898.00,5317714316.00,69352,OK
3133,A13C,Lili - Estación Universidades,2018,8,0.00,7129236.00,7919253645.00,98875,OK
3141,A14A,U.S.B - Estación Universidades,2018,8,0.07,30603288.00,1529127695.00,377913,OK
3142,A14B,La Vorágine - Estación Universidades-,2018,8,0.06,8241002.00,461904696.00,88371,OK
3171,A17A,U.A.O - U. San Martín - Estación Universidades,2018,8,0.04,21108151.00,1706392096.00,189959,OK
3172,A17B,Hormiguero - Estación Universidades,2018,8,0.02,20948491.00,4584620391.00,206344,OK
3173,A17C,Comfenalco Lili - Estación  Universidades,2018,8,0.04,4510004.00,413762353.00,44346,OK
3191,A19A,Comfandi Pance - Estación Universidades,2018,8,0.02,18655667.00,2800771167.00,205105,OK
3192,A19B,La Buitrera - Estación Buitrera,2018,8,0.01,12812151.00,5105449322.00,157332,OK
3351,A35A,Calimio Norte - Terminal Paso del Comercio,2018,8,0.02,8994082.00,2026374682.00,92859,OK
3371,A37A,Sena - Estación Salomia,2018,8,0.00,11414699.00,9423847899.00,200831,OK
3372,A37B,Sena - Estación Flora Industrial,2018,8,0.01,7425913.00,2195417441.00,158323,OK
3411,A41A,Pizamos-Terminal Andrés Sanín,2018,8,0.01,30125870.00,9105259226.00,477243,OK
3413,A41C,Valle Grande - Terminal Andrés Sanín,2018,8,0.01,3623515.00,1576241601.00,59539,OK
3422,A42B,La Casona - Terminal Andrés Sanín,2018,8,0.03,4734649.00,503589384.00,65477,OK
3441,A44A,Manuela Beltrán - Terminal Andrés Sanín,2018,8,0.01,17801528.00,9072297357.00,316358,OK
3442,A44B,Puertas Del sol - Terminal Andrés Sanín,2018,8,0.01,20521463.00,6662584965.00,270110,OK
3452,A45B,San Marino - Estación Villacolombia,2018,8,0.00,6563978.00,4972650861.00,126732,OK
3721,A72A,Jardines De La Aurora - Terminal  Cañaveralejo,2018,8,0.01,9333050.00,6398517080.00,199011,OK
3722,A72B,El Cortíjo - Terminal Cañaveralejo,2018,8,0.00,974810.00,816487720.00,19124,OK
3781,A78A,Los Chorros - Estación Caldas,2018,8,0.00,2186938.00,5643220826.00,51354,OK
4272,E27B,Estación Av Las Américas - Estación Unidad Deporti,2018,8,0.13,11366649.00,317825644.00,96447,OK
-1,TESTGT1,NA,2018,9,0.00,0.00,0.00,0,NO_DATA
8,TESTGT2,NA,2018,9,0.00,0.00,0.00,0,NO_DATA
131,T31,Terminal Paso del Comercio - Universidades,2018,9,0.15,84383877.00,2053365207.00,829497,OK
140,T40,Terminal Andrés Sanín - Centro,2018,9,0.02,42243372.00,7666635150.00,420794,OK
142,T42,Pizamos - Centro - Terminal,2018,9,0.02,52883621.00,10840543133.00,558889,OK
150,T50,Estación Nuevo Latír - Centro,2018,9,0.03,26802500.00,3376621144.00,277640,OK
217,P17,P.U.J - Icesi - Estación Unidad Deportiva,2018,9,0.22,12854665.00,214516052.00,103831,OK
243,TESTGT3,NA,2018,9,0.00,0.00,0.00,0,NO_DATA
251,P51,Pízamos - Universidades,2018,9,0.14,4312384.00,109845885.00,62490,OK
271,P71,Caney - Estación Unidad Deportiva,2018,9,0.02,13910506.00,2452113395.00,259144,OK
272,P72,Estación Capri- Centro Empresa,2018,9,0.04,41713728.00,4258215757.00,550367,OK
282,P82,Terminal Calipso - Terminal Menga,2018,9,0.01,20398833.00,6283370686.00,323661,OK
283,P83,Terminal Calipso - Terminal Paso de Comercio,2018,9,0.04,6230154.00,633887335.00,78534,OK
302,A02,Atenas - Zoológico - Estación San Bosco,2018,9,0.00,14168040.00,11810979683.00,224957,OK
303,A03,Nacional - Santa librada,2018,9,0.01,2573891.00,1288979473.00,51531,OK
304,A04,Bella Vista - Estación Manzana del saber,2018,9,0.00,8135008.00,8251796888.00,141583,OK
305,A05,Av. De Las Américas - C.A.M - La Portada,2018,9,0.01,9739255.00,4103640903.00,133659,OK
306,A06,Aguacatal - Estación San Bosco,2018,9,0.01,14293517.00,8549422558.00,246445,OK
311,A11,Icesi - P.U.J - Estación Universidades,2018,9,0.02,15472570.00,2694629368.00,259126,OK
318,A18,Hacienda El Castillo - Estación Universidades,2018,9,0.02,16803567.00,3135767629.00,125936,OK
321,A21,Ciudadela Floralia - Terminal Menga,2018,9,0.01,11309252.00,8121514565.00,166537,OK
322,A22,Brisas de los Áamos- Terminal Menga,2018,9,0.00,7030097.00,5265207715.00,91779,OK
323,A23,Ciudadela Los Álamos-Terminal Menga,2018,9,0.00,2870909.00,4952497655.00,51095,OK
324,A24,San Miguel - El Bosque - Estación Vipasa,2018,9,0.00,2304535.00,2522650978.00,46413,OK
332,A32,Flora Industrial - Estación Chiminangos,2018,9,0.00,5781202.00,10425547037.00,100527,OK
333,A33,Ciudadela Floralia,2018,9,0.01,14067519.00,8790893121.00,179509,OK
334,A34,Alcázares - Terminal Paso del Comercio,2018,9,0.01,3709592.00,2388270548.00,54671,OK
336,A36,Guayacanes - Estación Chiminangos,2018,9,0.00,4611596.00,5116659633.00,83600,OK
347,A47,Pizamos - Terminal Andrés Sanín,2018,9,0.01,25156746.00,14122931220.00,445614,OK
352,A52,Hospital Isaias Duarte Cancino - Estación Nuevo La,2018,9,0.00,1179016.00,1368681451.00,25132,OK
353,A53,Estación Amanecer - Los Lagos -Terminal Andrés San,2018,9,0.00,6006420.00,8745527374.00,85587,OK
355,A55,Compartir - Manuela Beltrán-Estación Nuevo Latír,2018,9,0.00,4362787.00,7050480724.00,90681,OK
357,A57,Villa Luz - Estación Nuevo Latír,2018,9,0.00,7085722.00,16198300367.00,130305,OK
370,A70,Mortiñal - Estación Tequendama,2018,9,0.01,6260823.00,4109662172.00,78667,OK
371,A71,Los Chorros - Terminal Cañaveralejo,2018,9,0.00,13793828.00,10058493324.00,190531,OK
373,A73,Nápoles - Caldas - Terminal Cañaveralejo,2018,9,0.01,16094481.00,9076276593.00,240182,OK
375,A75,La Sirena-Terminal Cañaveralejo,2018,9,0.00,11431083.00,16417473006.00,203919,OK
376,A76,H.U.V - Terminal Cañaveralejo,2018,9,0.01,8119379.00,3248644127.00,131462,OK
377,A77,Ciudad 2000 - Estación Refugio,2018,9,0.01,5643826.00,3175494377.00,101580,OK
385,A85,Estación Santa Mónica - Terminal Andrés Sanín,2018,9,0.01,12048703.00,8437942615.00,201394,OK
421,E21,Terminal Menga - Estación Universidades,2018,9,0.12,100954025.00,3117367194.00,783957,OK
427,E27,Terminal Menga - Estación Capri,2018,9,0.05,41080238.00,3198375169.00,358035,OK
431,E31,Terminal Paso del Comercio - Universidades,2018,9,0.18,38766136.00,767072392.00,256245,OK
437,E37,Terminal Paso del Comercio - Universidades,2018,9,0.06,44430851.00,2522427612.00,350492,OK
441,E41,Terminal Andrés Sanín - Universidades,2018,9,0.20,56563458.00,1006743857.00,439908,OK
452,E52,Estación Nuevo Latír - Terminal Calipso - Terminal,2018,9,0.08,12009298.00,544744911.00,105774,OK
547,TESTGT4,NA,2018,9,0.00,0.00,0.00,0,NO_DATA
551,R51,SUR RESERVA,2018,9,5.91,175021.00,106681.00,3733,OK
552,R52,MENGA RESERVA,2018,9,0.03,268017.00,30674911.00,4184,OK
553,R53,RESERVA PASO DEL COMERCIO,2018,9,0.10,174428.00,6361129.00,2222,OK
554,R54,SANIN RESERVA,2018,9,7.80,77404.00,35715.00,1154,OK
555,R55,CALIPSO RESERVA,2018,9,12.26,24236.00,7116.00,247,OK
557,R57,CAÑAVERALEJO RESERVA,2018,9,0.70,122320.00,627731.00,806,OK
651,D51,Alimentadora Desvio Av. Ciudad de Cali,2018,9,0.00,2771181.00,4992828480.00,61583,OK
661,TESTGT5,NA,2018,9,0.00,0.00,0.00,0,NO_DATA
722,U22,Prueba u22,2018,9,2.14,3313.00,5582.00,200,OK
999,TESTGT6,NA,2018,9,0.00,0.00,0.00,0,NO_DATA
1472,T47B,Terminal Andrés Sanín - Estación Unidad Deportiva,2018,9,0.06,52047259.00,2940832532.00,567115,OK
1571,T57A,Estación Nuevo Latír - Estación Unidad Deportiva,2018,9,0.03,50129810.00,6142062948.00,557082,OK
2101,P10A,Estación Universidades - Centro,2018,9,0.06,34069570.00,2115853163.00,482615,OK
2102,P10B,Estación Universidades-El Ingenio-Estación-Estació,2018,9,0.08,24234757.00,1110213731.00,379308,OK
2104,P10D,Estación Universidades - Centro,2018,9,0.03,24619043.00,2965882439.00,345311,OK
2121,P12A,Est. Universidades - Est Nuevo Latír - T. A Sanín,2018,9,0.06,63147182.00,4103632369.00,921156,OK
2141,P14A,Estación Universidades - Terminal Andrés Sanín,2018,9,0.02,10635300.00,2325195409.00,168108,OK
2211,P21A,Universidades - Centro - Av Las Américas,2018,9,0.02,38289369.00,5783442716.00,494166,OK
2212,P21B,Terminal Menga - Estación Universidades,2018,9,0.09,57583922.00,2395188562.00,737062,OK
2241,P24A,Terminal Menga- Terminal Andrés Sanín,2018,9,0.05,20112668.00,1464544848.00,249582,OK
2242,P24B,C.A.M.  - Terminal Andrés Sanín,2018,9,0.04,29848869.00,3035199004.00,467743,OK
2243,P24C,Terminal Menga-Terminal Andrés Sanín-Decepaz,2018,9,0.01,9244312.00,2885225002.00,130112,OK
2273,P27C,Terminal Menga - Estación Universidades,2018,9,0.15,58929784.00,1389816008.00,817222,OK
2274,P27D,Terminal Menga - Estación Capri,2018,9,0.04,44398878.00,3812028223.00,600215,OK
2301,P30A,Estación Flora Industrial-Terminal Menga - Centro,2018,9,0.01,36461460.00,10295933082.00,560737,OK
2401,P40A,Terminal Andrés Sanín - Centro,2018,9,0.02,17195327.00,3173430030.00,269975,OK
2402,P40B,Terminal Andrés Sanín -Sena-Centro,2018,9,0.02,24846874.00,5189961636.00,423745,OK
2471,P47A,Terminal Andrés Sanín - Estación Unidad Deportiva,2018,9,0.02,27948742.00,5985615120.00,546129,OK
2472,P47B,Terminal Andrés Sanín - Estación Unidad Deportiva,2018,9,0.05,25564165.00,2031082704.00,392953,OK
2473,P47C,Terminal Andrés Sanín - Estación Capri,2018,9,0.02,34879790.00,8224766778.00,599326,OK
2521,P52A,Amanecer -Terminal Calipso - Av. de las Américas,2018,9,0.02,21902157.00,4520732418.00,327446,OK
2524,P52D,Ciudad Cordoba - Centro - Terminal,2018,9,0.04,38980494.00,3923130403.00,583600,OK
2801,P80A,Terminal Calipso - Santa Elena - Centro,2018,9,0.01,6815383.00,3584359227.00,110287,OK
2841,P84A,Terminal Calipso - Terminal Andres Sanin,2018,9,0.02,25112800.00,5840883262.00,414969,OK
2842,P84B,Terminal Andrés Sanín - Terminal Calipso,2018,9,0.05,19502829.00,1457865336.00,260694,OK
3011,A01A,San Bosco - C.A.M - Centro,2018,9,0.03,6563498.00,723952938.00,89594,OK
3112,A11B,Universidad Libre - Universidades,2018,9,0.00,1197357.00,3433288578.00,22152,OK
3121,A12A,Altos De La Luisa - Meléndez - Capri,2018,9,0.00,4255417.00,8267172874.00,84863,OK
3122,A12B,Las Palmas - Estación Meléndez,2018,9,0.00,5541972.00,11698432066.00,108018,OK
3123,A12C,Meléndez - Estación Capri,2018,9,0.03,5907947.00,790442994.00,77222,OK
3124,A12D,Altos De Santa Elena - Estación Meléndez,2018,9,0.00,3192431.00,9071228271.00,58563,OK
3131,A13A,Caney - Estación Universidades,2018,9,0.01,11495829.00,5011958599.00,169912,OK
3132,A13B,Vegas de Comfandi - Caney,2018,9,0.00,2983570.00,5214945824.00,52522,OK
3133,A13C,Lili - Estación Universidades,2018,9,0.00,3911057.00,8216954354.00,57480,OK
3141,A14A,U.S.B - Estación Universidades,2018,9,0.04,23009637.00,2051727023.00,292148,OK
3142,A14B,La Vorágine - Estación Universidades-,2018,9,0.02,7698484.00,1236779485.00,76278,OK
3171,A17A,U.A.O - U. San Martín - Estación Universidades,2018,9,0.03,16248491.00,2193204023.00,148095,OK
3172,A17B,Hormiguero - Estación Universidades,2018,9,0.02,15954609.00,3383517379.00,165506,OK
3173,A17C,Comfenalco Lili - Estación  Universidades,2018,9,0.05,3233604.00,250581602.00,30129,OK
3191,A19A,Comfandi Pance - Estación Universidades,2018,9,0.02,11931722.00,2645554240.00,132102,OK
3192,A19B,La Buitrera - Estación Buitrera,2018,9,0.00,7781462.00,5663745859.00,94823,OK
3351,A35A,Calimio Norte - Terminal Paso del Comercio,2018,9,0.01,6628434.00,2538047427.00,68829,OK
3371,A37A,Sena - Estación Salomia,2018,9,0.00,8936154.00,9637900607.00,144968,OK
3372,A37B,Sena - Estación Flora Industrial,2018,9,0.00,6358537.00,7977132229.00,128327,OK
3411,A41A,Pizamos-Terminal Andrés Sanín,2018,9,0.01,19548817.00,6805820796.00,299163,OK
3413,A41C,Valle Grande - Terminal Andrés Sanín,2018,9,0.01,2770537.00,1472551727.00,46581,OK
3422,A42B,La Casona - Terminal Andrés Sanín,2018,9,0.03,3817811.00,503185998.00,51519,OK
3441,A44A,Manuela Beltrán - Terminal Andrés Sanín,2018,9,0.01,12143845.00,7806087122.00,220482,OK
3442,A44B,Puertas Del sol - Terminal Andrés Sanín,2018,9,0.01,11853663.00,7863724267.00,185498,OK
3452,A45B,San Marino - Estación Villacolombia,2018,9,0.00,4051778.00,6910211889.00,70421,OK
3721,A72A,Jardines De La Aurora - Terminal  Cañaveralejo,2018,9,0.00,6206393.00,7354042580.00,129450,OK
3722,A72B,El Cortíjo - Terminal Cañaveralejo,2018,9,0.01,1317062.00,444480672.00,21427,OK
3781,A78A,Los Chorros - Estación Caldas,2018,9,0.00,2332417.00,5768760522.00,47528,OK
4272,E27B,Estación Av Las Américas - Estación Unidad Deporti,2018,9,0.10,8256058.00,294181261.00,69897,OK
